Réf Cde Achat;Code tiers;Référence;Désignation
"B6530";"233";"GE00144";"TUGOOD MEN 233 POLAIRE HOMME"
"B6531";"007";"GE00127";"UNICORNE HOOD LADY 007 B45 POLAIRE FEMME"
"B5029";"317-5";"WZ6538H/GN";"GANTOINE RED SIZE XL MEN 317-5 B85 SWEAT HOMME"
"B5029";"317-5";"WZ6537H/GN";"GANTOINE RED SIZE L MEN 317-5 B85 SWEAT HOMME"
"B5029";"317-5";"WZ6535H/GN";"GANTOINE RED SIZE S MEN 317-5 B85 SWEAT HOMME"
"B5026";"233";"WZ3335H/GN";"TUGOOD LIGHT GREY DB MEN 233  POLAIRE HOMME"
"B5026";"233";"WZ3321H/GN";"TUG FZ PETROL DB MEN 233 POLAIRE HOMME"
"B5031";"245";"WY9430H/GN";"TULENE DB RED MEN 245  POLAIRE HOMME"
"B6357-1";"233-2";"RBMWZ4047H/CP";"AMITALEAK BASIC TAUPE RM MEN 233 BLOUSON HOMME"
"B6357-1";"233-2";"RBMWZ4046H/CP";"AMITALEAK BASIC SAUGE RM MEN 233 BLOUSON HOMME"
"B6357-1";"233-2";"RBMWZ4045H/CP";"AMITALEAK BASIC RED RM MEN 233 BLOUSON HOMME"
"B6357-1";"233-2";"RBMWZ4044H/CP";"AMITALEAK BASIC OLIVE RM MEN 233 BLOUSON HOMME"
"B6357-1";"233-2";"RBMWZ4042H/CP";"AMITALEAK BASIC NAVY RM MEN 233 BLOUSON HOMME"
"B6357-1";"233-2";"RBMWZ4041H/CP";"AMITALEAK BASIC MUSTARD RM MEN 233 BLOUSON HOMME"
"B6357-1";"233-2";"RBMWZ4040H/CP";"AMITALEAK BASIC KAKI RM MEN 233 BLOUSON HOMME"
"B6357-1";"233-2";"RBMWZ4039H/CP";"AMITALEAK BASIC DGREY RM MEN 233 BLOUSON HOMME"
"B6357-1";"233-2";"RBMWZ4038H/CP";"AMITALEAK BASIC DENIM BLUE RM MEN 233 BLOUSON HOMM"
"B6357-2";"233-2";"RBMWZ4068H/CP";"AMITALEAK HOOD RED RM MEN 233 BLOUSON HOMME"
"B6357-2";"233-2";"RBMWZ4067H/CP";"AMITALEAK HOOD OLIVE RM MEN 233 BLOUSON HOMME"
"B6357-2";"233-2";"RBMWZ4066H/CP";"AMITALEAK HOOD NAVY RM MEN 233 BLOUSON HOMME"
"B6357-2";"233-2";"RBMWZ4327F/CP";"ATIKAMAPEAK HOOD DGREY RM LADY 233  BLOUSON FEMME"
"B6357-2";"233-2";"RBMWZ4326F/CP";"ATIKAMAPEAK HOOD BEIGE RM LADY 233  BLOUSON FEMME"
"B6357-2";"233-2";"RBMWZ4325F/CP";"ATIKAMAPEAK HOOD PARME RM LADY 233  BLOUSON FEMME"
"B6357-2";"233-2";"RBMWZ4324F/CP";"ATIKAMAPEAK HOOD OLD PINK RM LADY 233  BLOUSON FEM"
"B6357-2";"233-2";"RBMWZ4323F/CP";"ATIKAMAPEAK HOOD LGREY RM LADY 233  BLOUSON FEMME"
"B6357-2";"233-2";"RBMWZ4322F/CP";"ATIKAMAPEAK HOOD BLACK RM LADY 233  BLOUSON FEMME"
"B6357-2";"233-2";"RBMWZ4070H/CP";"AMITALEAK HOOD TAUPE RM MEN 233 BLOUSON HOMME"
"B6357-2";"233-2";"RBMWZ4069H/CP";"AMITALEAK HOOD SAUGE RM MEN 233 BLOUSON HOMME"
"B6500";"054";"GE00142";"TIPARNI MEN 054 B45 POLAIRE HOMME"
"B6500";"054";"GE00155";"UREVERSIBLE MEN 054 B45 POLAIRE HOMME"
"B5021";"233";"WU1047H/AN";"URANIUM MEN NAVY ANA MCK 233 POLAIRE HOMME"
"B5021";"233";"WY7336H/AN";"URANIUM DARK GREY MEN 233 MCK POLAIRE HOMME"
"B5021";"233";"WU1046H/AN";"URANIUM MEN BLACK ANA MCK 233 POLAIRE HOMME"
"B5021";"233";"WZ4641H/AN";"TONNEAU HZ PETROL MEN 233 MCK POLAIRE HOMME"
"B5021";"233";"WZ4637H/AN";"TONNEAU HZ AVOCADO GREEN MEN 233 MCK POLAIRE HOMME"
"B5021";"233";"WZ4636H/AN";"TONNEAU HZ KAKI MEN 233 MCK POLAIRE HOMME"
"B5021";"233";"WZ4634H/AN";"TONNEAU HZ DARK GREY MEN 233 MCK POLAIRE HOMME"
"B5021";"233";"WZ4633H/AN";"TONNEAU HZ DARK GREEN MEN 233 MCK POLAIRE HOMME"
"B5021";"233";"WZ4632H/AN";"TONNEAU HZ BURGUNDY MEN 233 MCK POLAIRE HOMME"
"B5021";"233";"WZ4631H/AN";"TONNEAU HZ BROWN MEN 233 MCK POLAIRE HOMME"
"B5021";"233";"WZ4630H/AN";"TONNEAU HZ BLACK MEN 233 MCK POLAIRE HOMME"
"B5021";"233";"WZ4629H/AN";"TONNEAU HZ BEIGE MEN 233 MCK POLAIRE HOMME"
"B5021";"233";"WZ4628H/AN";"TONNEAU HZ LIGHT GREY MEN 233 MCK POLAIRE HOMME"
"B5021";"233";"WY10093F/AN";"TONNEAU HZ CAMEL LADY 233 MCK POLAIRE FEMME"
"B5021";"233";"WY10094F/AN";"TONNEAU HZ PETROL LADY 233 MCK POLAIRE FEMME"
"B5021";"233";"WY10095F/AN";"TONNEAU HZ POWDER PINK LADY 233 MCK POLAIRE FEMME"
"B5021";"233";"WY10096F/AN";"TONNEAU HZ RED LADY 233 MCK POLAIRE FEMME"
"B5021";"233";"WY10098F/AN";"TONNEAU HZ RUSTY LADY 233 MCK POLAIRE FEMME"
"B5021";"233";"WY10097F/AN";"TONNEAU HZ ROYAL BLUE LADY 233 MCK POLAIRE FEMME"
"B5021";"233";"WY10100F/AN";"TONNEAU HZ WHITE LADY 233 MCK POLAIRE FEMME"
"B5021";"233";"WY10101F/AN";"TONNEAU HZ LIGHT YELLOW LADY 233 MCK POLAIRE FEMME"
"B5021";"233";"WY10102F/AN";"TONNEAU HZ SKY BLUE LADY 233 MCK POLAIRE FEMME"
"B5021";"233";"WY10103F/AN";"TONNEAU HZ ALMOND GREEN LADY 233 MCK POLAIRE FEMME"
"B5021";"233";"WY10104F/AN";"TONNEAU HZ LIGHT GREY LADY 233 MCK POLAIRE FEMME"
"B5021";"233";"WY10105F/AN";"TONNEAU HZ BEIGE LADY 233 MCK POLAIRE FEMME"
"B5021";"233";"WY10106F/AN";"TONNEAU HZ BLACK LADY 233 MCK POLAIRE FEMME"
"B5021";"233";"WY10107F/AN";"TONNEAU HZ BROWN LADY 233 MCK POLAIRE FEMME"
"B5021";"233";"WY10109F/AN";"TONNEAU HZ CORAIL LADY 233 MCK POLAIRE FEMME"
"B5021";"233";"WY10110F/AN";"TONNEAU HZ DARK GREEN LADY 233 MCK POLAIRE FEMME"
"B5021";"233";"WY10111F/AN";"TONNEAU HZ DARK GREY LADY 233 MCK POLAIRE FEMME"
"B5021";"233";"WY10112F/AN";"TONNEAU HZ OFF WHITE LADY 233 MCK POLAIRE FEMME"
"B5021";"233";"WY10113F/AN";"TONNEAU HZ KAKI LADY 233 MCK POLAIRE FEMME"
"B5021";"233";"WY10114F/AN";"TONNEAU HZ AVOCADO GREEN LADY 233 MCK POLAIRE FEMM"
"B5021";"233";"WY10115F/AN";"TONNEAU HZ MUSTARD LADY 233 MCK POLAIRE FEMME"
"B5021";"233";"WY10117F/AN";"TONNEAU HZ ORANGE LADY 233 MCK POLAIRE FEMME"
"B5021";"233";"WY10118F/AN";"TONNEAU HZ PARME LADY 233 MCK POLAIRE FEMME"
"B6357-2";"233-2";"RBMWZ4065H/CP";"AMITALEAK HOOD MUSTARD RM MEN 233 BLOUSON HOMME"
"B6357-2";"233-2";"RBMWZ4064H/CP";"AMITALEAK HOOD KAKI RM MEN 233 BLOUSON HOMME"
"B6357-2";"233-2";"RBMWZ4063H/CP";"AMITALEAK HOOD DGREY RM MEN 233 BLOUSON HOMME"
"B6357-1";"233-2";"RBMWZ4037H/CP";"AMITALEAK BASIC CAMEL RM MEN 233 BLOUSON HOMME"
"B6357-1";"233-2";"RBMWZ4036H/CP";"AMITALEAK BASIC BLACK RM MEN 233 BLOUSON HOMME"
"B6357-2";"233-2";"RBMWZ4062H/CP";"AMITALEAK HOOD DENIM BLUE RM MEN 233 BLOUSON HOMME"
"B6357-2";"233-2";"RBMWZ4061H/CP";"AMITALEAK HOOD CAMEL RM MEN 233 BLOUSON HOMME"
"B6357-2";"233-2";"RBMWZ4060H/CP";"AMITALEAK HOOD BLACK RM MEN 233 BLOUSON HOMME"
"B6357-2";"233-2";"RBMWZ4059H/CP";"AMITALEAK HOOD BEIGE RM MEN 233 BLOUSON HOMME"
"B6357-2";"233-2";"RBMWZ5616F/CP";"ATIKAMAPEAK HOOD ICE BLUE RM LADY 233  BLOUSON FEM"
"B6357-2";"233-2";"RBMWZ5613F/CP";"ATIKAMAPEAK HOOD DBROWN RM LADY 233  BLOUSON FEMME"
"B6357-2";"233-2";"RBMWZ5611F/CP";"ATIKAMAPEAK HOOD DGREEN RM LADY 233  BLOUSON FEMME"
"B6357-1";"233-2";"RBMWZ4296H/CP";"AMIGOMAPEAK BASIC MUSTARD RM MEN 233  BLOUSON HOMM"
"B5140";"001";"GE00120";"KJ-CHAPLINH25 BOY 001 B45 BLOUSON GAR?ON"
"B5140";"001";"GE00119";"KG-CHAPLINH25 BOY 001 B45 BLOUSON GAR?ON"
"B5140";"001";"GE00122";"KJ-ALYAH25 BLACK+LEOPARD GIRL 001 B45 BLOUSON FILL"
"B6357-1";"233-2";"RBMWZ4295H/CP";"AMIGOMAPEAK BASIC DENIM BLUE RM MEN 233  BLOUSON H"
"B6357-1";"233-2";"RBMWZ4294H/CP";"AMIGOMAPEAK BASIC RED RM MEN 233  BLOUSON HOMME"
"B6357-1";"233-2";"RBMWZ4293H/CP";"AMIGOMAPEAK BASIC TAUPE RM MEN 233  BLOUSON HOMME"
"B5030";"017";"WY7467H/GN";"TUVALU NAVY DB MEN 017 POLAIRE HOMME"
"B5030";"017";"WY7469H/GN";"TUVALU BLACK DB MEN 017 POLAIRE HOMME"
"B5030";"017";"WY7468H/GN";"TUVALU KAKI DB MEN 017 POLAIRE HOMME"
"B6357-1";"233-2";"RBMWZ4292H/CP";"AMIGOMAPEAK BASIC SAUGE RM MEN 233  BLOUSON HOMME"
"B6357-1";"233-2";"RBMWZ4291H/CP";"AMIGOMAPEAK BASIC OLIVE RM MEN 233  BLOUSON HOMME"
"B6357-1";"233-2";"RBMWZ4290H/CP";"AMIGOMAPEAK BASIC NAVY RM MEN 233  BLOUSON HOMME"
"B6357-1";"233-2";"RBMWZ4289H/CP";"AMIGOMAPEAK BASIC KAKI RM MEN 233  BLOUSON HOMME"
"B6357-1";"233-2";"RBMWZ4288H/CP";"AMIGOMAPEAK BASIC DGREY RM MEN 233  BLOUSON HOMME"
"B6357-1";"233-2";"RBMWZ5585H/CP";"AMIGOMAPEAK BASIC ICE BLUE RM MEN 233  BLOUSON HOM"
"B6357-1";"233-2";"RBMWZ5584H/CP";"AMIGOMAPEAK BASIC DBROWN RM MEN 233  BLOUSON HOMME"
"B6357-1";"233-2";"RBMWZ5580H/CP";"AMIGOMAPEAK BASIC DGREEN RM MEN 233  BLOUSON HOMME"
"B5029";"317-5";"WZ6530H/GN";"GANTOINE DARK GREY SIZE L MEN 317-5 B85 SWEAT HOMM"
"B5029";"317-5";"WZ6529H/GN";"GANTOINE DARK GREY SIZE M MEN 317-5 B85 SWEAT HOMM"
"B5029";"317-5";"WZ6528H/GN";"GANTOINE DARK GREY SIZE S MEN 317-5 B85 SWEAT HOMM"
"B5029";"317-5";"WZ6527H/GN";"GANTOINE KAKI SIZE 4XL MEN 317-5 B85 SWEAT HOMME"
"B5029";"317-5";"WZ6526H/GN";"GANTOINE KAKI SIZE 3XL MEN 317-5 B85 SWEAT HOMME"
"B5029";"317-5";"WZ6525H/GN";"GANTOINE KAKI SIZE 2XL MEN 317-5 B85 SWEAT HOMME"
"B5029";"317-5";"WZ6524H/GN";"GANTOINE KAKI SIZE XL MEN 317-5 B85 SWEAT HOMME"
"B5029";"317-5";"WZ6523H/GN";"GANTOINE KAKI SIZE L MEN 317-5 B85 SWEAT HOMME"
"B5029";"317-5";"WZ6522H/GN";"GANTOINE KAKI SIZE M MEN 317-5 B85 SWEAT HOMME"
"B5029";"317-5";"WZ6521H/GN";"GANTOINE KAKI SIZE S MEN 317-5 B85 SWEAT HOMME"
"B5029";"317-5";"WZ6520H/GN";"GANTOINE NAVY SIZE 4XL MEN 317-5 B85 SWEAT HOMME"
"B5029";"317-5";"WZ6534H/GN";"GANTOINE DARK GREY SIZE 4XL MEN 317-5 B85 SWEAT HO"
"B5029";"317-5";"WZ6532H/GN";"GANTOINE DARK GREY SIZE 2XL MEN 317-5 B85 SWEAT HO"
"B5029";"317-5";"WZ6518H/GN";"GANTOINE NAVY SIZE 2XL MEN 317-5 B85 SWEAT HOMME"
"B5029";"317-5";"WZ6517H/GN";"GANTOINE NAVY SIZE XL MEN 317-5 B85 SWEAT HOMME"
"B5029";"317-5";"WZ6516H/GN";"GANTOINE NAVY SIZE L MEN 317-5 B85 SWEAT HOMME"
"B5029";"317-5";"WZ6515H/GN";"GANTOINE NAVY SIZE M MEN 317-5 B85 SWEAT HOMME"
"B5029";"317-5";"WZ6514H/GN";"GANTOINE NAVY SIZE S MEN 317-5 B85 SWEAT HOMME"
"B5029";"317-5";"WZ6513H/GN";"GANTOINE LIGHT GREY SIZE 4XL MEN 317-5 B85 SWEAT H"
"B5029";"317-5";"WZ6511H/GN";"GANTOINE LIGHT GREY SIZE 2XL MEN 317-5 B85 SWEAT H"
"B5029";"317-5";"WZ6510H/GN";"GANTOINE LIGHT GREY SIZE XL MEN 317-5 B85 SWEAT HO"
"B5029";"317-5";"WZ6509H/GN";"GANTOINE LIGHT GREY SIZE L MEN 317-5 B85 SWEAT HOM"
"B5029";"317-5";"WZ6508H/GN";"GANTOINE LIGHT GREY SIZE M MEN 317-5 B85 SWEAT HOM"
"B5029";"317-5";"WZ6507H/GN";"GANTOINE LIGHT GREY SIZE S MEN 317-5 B85 SWEAT HOM"
"B5029";"317-5";"WZ6506H/GN";"GANTOINE WHITE SIZE 2XL MEN 317-5 B85 SWEAT HOMME"
"B5029";"317-5";"WZ6505H/GN";"GANTOINE WHITE SIZE XL MEN 317-5 B85 SWEAT HOMME"
"B5029";"317-5";"WZ6504H/GN";"GANTOINE WHITE SIZE L MEN 317-5 B85 SWEAT HOMME"
"B5029";"317-5";"WZ6503H/GN";"GANTOINE WHITE SIZE M MEN 317-5 B85 SWEAT HOMME"
"B5029";"317-5";"WZ6502H/GN";"GANTOINE WHITE SIZE S MEN 317-5 B85 SWEAT HOMME"
"B5029";"317-5";"WZ6501H/GN";"GANTOINE BLACK SIZE 4XL MEN 317-5 B85 SWEAT HOMME"
"B5029";"317-5";"WZ6500H/GN";"GANTOINE BLACK SIZE 3XL MEN 317-5 B85 SWEAT HOMME"
"B5029";"317-5";"WZ6499H/GN";"GANTOINE BLACK SIZE 2XL MEN 317-5 B85 SWEAT HOMME"
"B5029";"317-5";"WZ6498H/GN";"GANTOINE BLACK SIZE XL MEN 317-5 B85 SWEAT HOMME"
"B5029";"317-5";"WZ6497H/GN";"GANTOINE BLACK SIZE L MEN 317-5 B85 SWEAT HOMME"
"B5029";"317-5";"WZ6496H/GN";"GANTOINE BLACK SIZE M MEN 317-5 B85 SWEAT HOMME"
"B5029";"317-5";"WZ6495H/GN";"GANTOINE BLACK SIZE S MEN 317-5 B85 SWEAT HOMME"
"B5031";"245";"WY9422F/GN";"TIMOTHE DB BLACK LADY 245  POLAIRE FEMME"
"B5031";"245";"WY9421H/GN";"TIGRE DB DGREY MEN 245  POLAIRE HOMME"
"B5031";"245";"WY9420H/GN";"TIGRE DB OFF WHITE MEN 245  POLAIRE HOMME"
"B5031";"245";"WY9419H/GN";"TIGRE DB BLACK MEN 245  POLAIRE HOMME"
"B5031";"245";"WY9418H/GN";"TRASIR DB KAKI MEN 245  POLAIRE HOMME"
"B5031";"245";"WY9417H/GN";"TRASIR DB DGREY MEN 245  POLAIRE HOMME"
"B5031";"245";"WY9416H/GN";"TRASIR DB NAVY MEN 245  POLAIRE HOMME"
"B5031";"245";"WY9415H/GN";"TRASIR DB BLACK MEN 245  POLAIRE HOMME"
"B5031";"245";"WY9426H/GN";"TULENE DB BLACK MEN 245  POLAIRE HOMME"
"B5031";"245";"WY9425F/GN";"TIMOTHE DB ALMOND GREEN LADY 245  POLAIRE FEMME"
"B5031";"245";"WY9424F/GN";"TIMOTHE DB BEIGE LADY 245  POLAIRE FEMME"
"B5148-1";"233C";"WZ5112H/GN";"AMIGOMAP BASIC DB TAUPE MEN 233  BLOUSON HOMME"
"B5148-1";"233C";"WZ5111H/GN";"AMIGOMAP BASIC DB SAUGE MEN 233  BLOUSON HOMME"
"B5148-1";"233C";"WZ5110H/GN";"AMIGOMAP BASIC DB OLIVE MEN 233  BLOUSON HOMME"
"B5148-1";"233C";"WZ5109H/GN";"AMIGOMAP BASIC DB NAVY MEN 233  BLOUSON HOMME"
"B5148-1";"233C";"WZ5102H/GN";"AMIGOMAP BASIC DB BEIGE MEN 233  BLOUSON HOMME"
"B5148-1";"233C";"WZ5101H/GN";"AMIGOMAP BASIC DB RED MEN 233  BLOUSON HOMME"
"B5148-1";"233C";"WZ5099H/GN";"AMIGOMAP HOOD DB SAUGE MEN 233  BLOUSON HOMME"
"B5148-1";"233C";"WZ5098H/GN";"AMIGOMAP HOOD DB RED MEN 233  BLOUSON HOMME"
"B5148-1";"233C";"WZ5097H/GN";"AMIGOMAP HOOD DB NAVY MEN 233  BLOUSON HOMME"
"B5148-1";"233C";"WZ5096H/GN";"AMIGOMAP HOOD DB MOUTARDE MEN 233  BLOUSON HOMME"
"B5148-1";"233C";"WZ5095H/GN";"AMIGOMAP HOOD DB KAKI MEN 233  BLOUSON HOMME"
"B5148-1";"233C";"WZ5094H/GN";"AMIGOMAP HOOD DB DGREY MEN 233  BLOUSON HOMME"
"B5148-1";"233C";"WZ5093H/GN";"AMIGOMAP HOOD DB DENIM BLUE MEN 233  BLOUSON HOMME"
"B5148-1";"233C";"WZ5108H/GN";"AMIGOMAP BASIC DB MUSTARD MEN 233  BLOUSON HOMME"
"B5148-1";"233C";"WZ5107H/GN";"AMIGOMAP BASIC DB KAKI MEN 233  BLOUSON HOMME"
"B5148-1";"233C";"WZ5106H/GN";"AMIGOMAP BASIC DB DGREY MEN 233  BLOUSON HOMME"
"B5148-1";"233C";"WZ5105H/GN";"AMIGOMAP BASIC DB DENIM BLUE MEN 233  BLOUSON HOMM"
"B5148-1";"233C";"WZ5104H/GN";"AMIGOMAP BASIC DB CAMEL MEN 233  BLOUSON HOMME"
"B5145-B";"2611-3";"SZ6315A/GN";"SAROVEL ROSE GOLD SET DE 4 2611-3  VALISES ACCESSO"
"B5145-B";"2611-3";"SZ6313A/GN";"SAROVEL KAKI SIZE 20 2611-3  VALISES ACCESSOIRES"
"B5145-B";"2611-3";"SZ6312A/GN";"SAROVEL MINT SIZE 20 2611-3  VALISES ACCESSOIRES"
"B5145-B";"2611-3";"SZ6309A/GN";"SAROVEL ROSE GOLD SIZE 20 2611-3  VALISES ACCESSOI"
"B5148-1";"233C";"WZ5092H/GN";"AMIGOMAP HOOD DB CAMEL MEN 233  BLOUSON HOMME"
"B5148-1";"233C";"WZ5091H/GN";"AMIGOMAP HOOD DB BLACK MEN 233  BLOUSON HOMME"
"B5148-1";"233C";"WZ5090H/GN";"AMIGOMAP HOOD DB BEIGE MEN 233  BLOUSON HOMME"
"B5148-1";"233C";"WZ5089H/GN";"AMIGOMAP HOOD DB OLIVE MEN 233  BLOUSON HOMME"
"B5148-1";"233C";"WZ5652H/GN";"AMIGOMAP BASIC ICE BLUE DB MEN 233  BLOUSON HOMME"
"B5148-1";"233C";"WZ5651H/GN";"AMIGOMAP BASIC DBROWN DB MEN 233  BLOUSON HOMME"
"B5148-1";"233C";"WZ5650H/GN";"AMIGOMAP BASIC DGREEN DB MEN 233  BLOUSON HOMME"
"B5148-1";"233C";"WZ5640H/GN";"AMIGOMAP HOOD ICE BLUE DB MEN 233  BLOUSON HOMME"
"B5148-1";"233C";"WZ5639H/GN";"AMIGOMAP HOOD DBROWN DB MEN 233  BLOUSON HOMME"
"B5148-1";"233C";"WZ5631H/GN";"AMIGOMAP HOOD DGREEN DB MEN 233  BLOUSON HOMME"
"B5030";"007";"WZ5919H/GN";"FLYER BLENDED GREY SIZE L MEN 007 BEST SWEAT HOMME"
"B5030";"007";"WZ5918H/GN";"FLYER BLENDED GREY SIZE M MEN 007 BEST SWEAT HOMME"
"B5030";"007";"WZ5917H/GN";"FLYER BLENDED GREY SIZE S MEN 007 BEST SWEAT HOMME"
"B5030";"007";"WZ6147F/GN";"UPALINE BEIGE DB LADY 007 POLAIRE FEMME"
"B5030";"007";"WZ6146F/GN";"UPALINE YELLOW DB LADY 007 POLAIRE FEMME"
"B5030";"007";"WU6059F/GN";"UPALINE WHITE DB BS LADY 007 POLAIRE FEMME"
"B5030";"007";"WZ5944H/GN";"FLYER DARK GREY SIZE 2XL MEN 007 BEST SWEAT HOMME"
"B5030";"007";"WZ5943H/GN";"FLYER DARK GREY SIZE XL MEN 007 BEST SWEAT HOMME"
"B5030";"007";"WZ5942H/GN";"FLYER DARK GREY SIZE L MEN 007 BEST SWEAT HOMME"
"B5030";"007";"WZ5941H/GN";"FLYER DARK GREY SIZE M MEN 007 BEST SWEAT HOMME"
"B5030";"007";"WZ5940H/GN";"FLYER DARK GREY SIZE S MEN 007 BEST SWEAT HOMME"
"B5030";"007";"WZ5939H/GN";"FLYER BLENDED GREY SIZE 3XL MEN 007 BEST SWEAT HOM"
"B5030";"007";"WZ5938H/GN";"FLYER BLENDED GREY SIZE 2XL MEN 007 BEST SWEAT HOM"
"B5030";"007";"WZ5920H/GN";"FLYER BLENDED GREY SIZE XL MEN 007 BEST SWEAT HOMM"
"B5030";"007";"WU6057F/GN";"UPALINE TAUPE DB LADY 007 POLAIRE FEMME"
"B5030";"007";"WX2339F/GN";"UPALINE SAUMON DB LADY 007 POLAIRE FEMME"
"B5030";"007";"WW2169F/GN";"UPALINE ROYAL BLUE DB LADY 007 POLAIRE FEMME"
"B5030";"007";"WU6056F/GN";"UPALINE RED DB LADY 007 POLAIRE FEMME"
"B5030";"007";"WW2168F/GN";"UPALINE PURPLE DB LADY 007 POLAIRE FEMME"
"B5030";"007";"WZ6145F/GN";"UPALINE PARME DB LADY 007 POLAIRE FEMME"
"B5030";"007";"WT4188F/GN";"UPALINE LADY OLIVE DB BS 007 POLAIRE FEMME"
"B5030";"007";"WU6061F/GN";"UPALINE LADY NAVY DB BS 007 POLAIRE FEMME"
"B5030";"007";"WU6062F/GN";"UPALINE LADY MUSTARD DB BS 007 POLAIRE FEMME"
"B5030";"007";"WT4186F/GN";"UPALINE LADY MALABAR DB BS 007 POLAIRE FEMME"
"B5030";"007";"WW2167F/GN";"UPALINE DGREY DB LADY 007 POLAIRE FEMME"
"B5030";"007";"WU6063F/GN";"UPALINE LADY DARK GREEN DB BS 007 POLAIRE FEMME"
"B5030";"007";"WZ6144F/GN";"UPALINE CAMEL DB LADY 007 POLAIRE FEMME"
"B5030";"007";"WU6055F/GN";"UPALINE LADY BURGUNDY DB BS 007 POLAIRE FEMME"
"B5024-A";"246";"WY3025H/GN";"FERASMO NAVY MEN 246 PNA PULL HOMME"
"B5024-A";"246";"WY3024H/GN";"FERASMO DARK GREY MEN 246 PNA PULL HOMME"
"B5024-A";"246";"WY3023H/GN";"FERASMO BLACK MEN 246 PNA PULL HOMME"
"B5024-A";"246";"WY3023H/GN";"FERASMO BLACK MEN 246 PNA PULL HOMME"
"B5024-A";"246";"WY3025H/GN";"FERASMO NAVY MEN 246 PNA PULL HOMME"
"B5030";"007";"WZ6143F/GN";"UPALINE BROWN DB LADY 007 POLAIRE FEMME"
"B5030";"007";"WU6053F/GN";"UPALINE LADY BLUSH PINK DB BS 007 POLAIRE FEMME"
"B5030";"007";"WU6060F/GN";"UPALINE LADY BLACK DB BS 007 POLAIRE FEMME"
"B5030";"007";"WU6054F/GN";"UPALINE LADY BGREY DB BS 007 POLAIRE FEMME"
"B5030";"007";"WX2334F/GN";"UPALINE ALMOND GREEN DB LADY 007 POLAIRE FEMME"
"B5030";"007";"WZ6859H/GN";"TITLE RED MEN 007 B85 POLAIRE HOMME"
"B5030";"007";"WZ6858H/GN";"TITLE DARK GREY MEN 007 B85 POLAIRE HOMME"
"B5030";"007";"WZ6857H/GN";"TITLE WHITE MEN 007 B85 POLAIRE HOMME"
"B5030";"007";"WZ6857H/GN";"TITLE WHITE MEN 007 B85 POLAIRE HOMME"
"B5030";"007";"WZ6859H/GN";"TITLE RED MEN 007 B85 POLAIRE HOMME"
"B5024-A";"246";"WY3024H/GN";"FERASMO DARK GREY MEN 246 PNA PULL HOMME"
"B5024-A";"246";"WY3025H/GN";"FERASMO NAVY MEN 246 PNA PULL HOMME"
"B5024-A";"246";"WY3025H/GN";"FERASMO NAVY MEN 246 PNA PULL HOMME"
"B5024-A";"246";"WY3024H/GN";"FERASMO DARK GREY MEN 246 PNA PULL HOMME"
"B5164";"070";"WZ7101F/GN";"CORALY BLACK LADY DISTRI 070 PARKA FEMME"
"B5164";"070";"WZ7098F/AN";"CORALYANA BLACK DB LADY 070  PARKA FEMME"
"B5164";"054";"WY3772F/GN";"BADONNA DB NAVY LADY 054 PARKA FEMME"
"B5164";"054";"WY3773F/GN";"BADONNA DB KAKI LADY 054 PARKA FEMME"
"B5164";"054";"WZ3478F/GN";"BADONNA DB BEIGE LADY 054 PARKA FEMME"
"B5164";"054";"WU6684F/AN";"ANADONNA TAUPE LADY 054 MCK BS1 PARKA FEMME"
"B5164";"054";"WU6683F/AN";"ANADONNA NAVY LADY 054 MCK BS1 PARKA FEMME"
"B5164";"054";"WU6682F/AN";"ANADONNA BLACK LADY 054 MCK BS1 PARKA FEMME"
"B5164";"054";"WY3105F/GN";"BETTINO NAVY LADY 054 HH PARKA FEMME"
"B5164";"054";"WY3105F/GN";"BETTINO NAVY LADY 054 HH PARKA FEMME"
"B5164";"054";"WY3104F/GN";"BETTINO BLACK LADY 054 HH PARKA FEMME"
"B5164";"054";"WZ7161E/GN";"CELIAN DB NAVY BOY 054 BLOUSON GAR?ON"
"B5164";"054";"WZ7160E/GN";"CELIAN DB BLACK BOY 054 BLOUSON GAR?ON"
"B5164";"054";"WZ3479F/GN";"BETTINO DB BEIGE LADY 054 PARKA FEMME"
"B5164";"054";"WY3927H/GN";"CELIAN NAVY DB MEN 054 PARKA HOMME"
"B5164";"054";"WY3928H/GN";"CELIAN KAKI DB MEN 054 PARKA HOMME"
"B5164";"054";"WW5732F/GN";"BETTINO NAVY DB LADY 054 BS1 PARKA FEMME"
"B5164";"054";"WZ3480F/GN";"BETTINO DB KAKI LADY 054 PARKA FEMME"
"B5164";"054";"WW5731F/GN";"BETTINO BLACK DB LADY 054 BS1 PARKA FEMME"
"B5164";"054";"WZ3479F/GN";"BETTINO DB BEIGE LADY 054 PARKA FEMME"
"B5021";"233";"WZ4647H/AN";"TONNEAU HZ SAUGE MEN 233 MCK POLAIRE HOMME"
"B5021";"233";"WZ4646H/AN";"TONNEAU HZ WHITE MEN 233 MCK POLAIRE HOMME"
"B5021";"233";"WZ4645H/AN";"TONNEAU HZ TAUPE MEN 233 MCK POLAIRE HOMME"
"B5021";"233";"WZ4644H/AN";"TONNEAU HZ RUSTY MEN 233 MCK POLAIRE HOMME"
"B5021";"233";"WZ4643H/AN";"TONNEAU HZ ROYAL BLUE MEN 233 MCK POLAIRE HOMME"
"B5021";"233";"WZ4642H/AN";"TONNEAU HZ RED MEN 233 MCK POLAIRE HOMME"
"B5021";"233";"WZ4640H/AN";"TONNEAU HZ ORANGE MEN 233 MCK POLAIRE HOMME"
"B5021";"233";"WZ4639H/AN";"TONNEAU HZ NAVY MEN 233 MCK POLAIRE HOMME"
"B5021";"233";"WZ4638H/AN";"TONNEAU HZ MUSTARD MEN 233 MCK POLAIRE HOMME"
"B5021";"233";"WZ4635H/AN";"TONNEAU HZ OFF WHITE MEN 233 MCK POLAIRE HOMME"
"B5021";"233";"WY10099F/AN";"TONNEAU HZ TAUPE LADY 233 MCK POLAIRE FEMME"
"B5021";"233";"WY6254H/GN";"TORLEON HOOD NAVY / DARK GREY DB MEN 233  POLAIRE"
"B5021";"233";"WY10108F/AN";"TONNEAU HZ BURGUNDY LADY 233 MCK POLAIRE FEMME"
"B5021";"233";"WY6256H/GN";"TORLEON HOOD KAKI / DARK GREY DB MEN 233  POLAIRE"
"B5021";"233";"WY10116F/AN";"TONNEAU HZ NAVY LADY 233 MCK POLAIRE FEMME"
"B5021";"233";"WY6253H/GN";"TORLEON HOOD BLACK / DARK GREY DB MEN 233  POLAIRE"
"B5021";"233";"WY6245H/GN";"TORLEON NAVY - DARK GREY DB MEN 233 POLAIRE HOMME"
"B5021";"233";"WY6249H/GN";"TORLEON KAKI - DARK GREY DB MEN 233 POLAIRE HOMME"
"B5021";"233";"WY6244H/GN";"TORLEON BLACK - DARK GREY DB MEN 233 POLAIRE HOMME"
"B5024-A";"246";"WY3023H/GN";"FERASMO BLACK MEN 246 PNA PULL HOMME"
"B5024-A";"246";"WY3024H/GN";"FERASMO DARK GREY MEN 246 PNA PULL HOMME"
"B5029";"317-5";"WZ6540H/GN";"GANTOINE RED SIZE 3XL MEN 317-5 B85 SWEAT HOMME"
"B5029";"317-5";"WZ6531H/GN";"GANTOINE DARK GREY SIZE XL MEN 317-5 B85 SWEAT HOM"
"B5029";"317-5";"WZ6539H/GN";"GANTOINE RED SIZE 2XL MEN 317-5 B85 SWEAT HOMME"
"B5029";"317-5";"WZ6519H/GN";"GANTOINE NAVY SIZE 3XL MEN 317-5 B85 SWEAT HOMME"
"B5029";"317-5";"WZ6512H/GN";"GANTOINE LIGHT GREY SIZE 3XL MEN 317-5 B85 SWEAT H"
"B5029";"317-5";"WZ6536H/GN";"GANTOINE RED SIZE M MEN 317-5 B85 SWEAT HOMME"
"B5029";"317-5";"WZ6533H/GN";"GANTOINE DARK GREY SIZE 3XL MEN 317-5 B85 SWEAT HO"
"B5030";"007";"WZ5945H/GN";"FLYER DARK GREY SIZE 3XL MEN 007 BEST SWEAT HOMME"
"B5030";"007";"WU6058F/GN";"UPALINE TURQUOISE DB LADY 007 POLAIRE FEMME"
"B5030";"007";"WY2698F/GN";"UPALINE ICE BLUE DB LADY 007 POLAIRE FEMME"
"B5031";"245";"WY9423F/GN";"TIMOTHE DB NAVY LADY 245  POLAIRE FEMME"
"B5031";"245";"WY9431H/GN";"TULENE DB OFF WHITE MEN 245  POLAIRE HOMME"
"B5031";"245";"WY9429H/GN";"TULENE DB KAKI MEN 245  POLAIRE HOMME"
"B5031";"245";"WY9428H/GN";"TULENE DB DGREY MEN 245  POLAIRE HOMME"
"B5031";"245";"WY9427H/GN";"TULENE DB NAVY MEN 245  POLAIRE HOMME"
"B5140";"001";"GE00121";"KF-ALYAH25 BLACK + LEOPARD GIRL 001 B45 BLOUSON FI"
"B5145-B";"2611-3";"SZ6318A/GN";"SAROVEL MINT SET DE 4 2611-3  VALISES ACCESSOIRES"
"B5148-1";"233C";"WZ5103H/GN";"AMIGOMAP BASIC DB BLACK MEN 233  BLOUSON HOMME"
"B5148-1";"233C";"WZ5100H/GN";"AMIGOMAP HOOD DB TAUPE MEN 233  BLOUSON HOMME"
"B5164";"054";"WY3771F/GN";"BADONNA DB BLACK LADY 054 PARKA FEMME"
"B5164";"054";"WY3926H/GN";"CELIAN BLACK DB MEN 054 PARKA HOMME"
"B6357-1";"233-2";"RBMWZ4287H/CP";"AMIGOMAPEAK BASIC CAMEL RM MEN 233  BLOUSON HOMME"
"B6357-1";"233-2";"RBMWZ4286H/CP";"AMIGOMAPEAK BASIC BLACK RM MEN 233  BLOUSON HOMME"
"B6357-1";"233-2";"RBMWZ4285H/CP";"AMIGOMAPEAK BASIC BEIGE RM MEN 233  BLOUSON HOMME"
"B6357-1";"233-2";"RBMWZ4056H/CP";"AMITALEAK BASIC BEIGE RM MEN 233  BLOUSON HOMME"
"B6357-2";"233-2";"RBMWZ4328F/CP";"ATIKAMAPEAK HOOD NAVY RM LADY 233  BLOUSON FEMME"
"B6530";"233";"GE00146";"VUG MEN 233 B45 POLAIRE HOMME"
"B6530";"233";"GE00143";"TUG FZ MEN 233 B45 POLAIRE HOMME"
"B6531";"007";"GE00126";"UNICORNE ASS B LADY 007 B45 POLAIRE FEMME"
"B6531";"007";"GE00125";"UNICORNE ASS A LADY 007 B45 POLAIRE FEMME"
"B6531";"007";"GE00127";"UNICORNE HOOD LADY 007 B45 POLAIRE FEMME"
"B5026";"233";"WZ3339H/GN";"TUGOOD TAUPE DB MEN 233  POLAIRE HOMME"
"B5026";"233";"WZ3319H/GN";"TUG FZ LIGHT GREY DB MEN 233 POLAIRE HOMME"
"B5026";"233";"WZ3338H/GN";"TUGOOD RUSTY DB MEN 233 POLAIRE HOMME"
"B5026";"233";"WZ3337H/GN";"TUGOOD PETROLE DB MEN 233 POLAIRE HOMME"
"B5026";"233";"WZ3333H/GN";"TUGOOD ROYAL BLUE DB MEN 233  POLAIRE HOMME"
"B5026";"233";"WZ3324H/GN";"TUG FZ TAUPE DB MEN 233 POLAIRE HOMME"
"B5026";"233";"WZ3323H/GN";"TUG FZ RUSTY DB MEN 233 POLAIRE HOMME"
"B5026";"233";"WZ3322H/GN";"TUG FZ ROYAL BLUE DB MEN 233 POLAIRE HOMME"
"B5141";"068";"WZ3352H/GN";"CALIX BEIGE DB MEN 068  BLOUSON HOMME"
"B5141";"068";"WZ3351H/GN";"CALIX LGREY DB MEN 068 BLOUSON HOMME"
"B5141";"068";"WY3910H/GN";"CALIX DB NAVY MEN 068  BLOUSON HOMME"
"B5141";"068";"WY3911H/GN";"CALIX DB KAKI MEN 068  BLOUSON HOMME"
"B5141";"068";"WZ5913H/GN";"ROYAUTE DGREY-FLUO ORANGE L MEN 068 E-BEST SOFTSHE"
"B5141";"068";"WZ5912H/GN";"ROYAUTE DGREY-FLUO ORANGE M MEN 068 E-BEST SOFTSHE"
"B5141";"068";"WZ5911H/GN";"ROYAUTE DGREY-FLUO ORANGE S MEN 068 E-BEST SOFTSHE"
"B5141";"068";"WZ5910H/GN";"ROYAUTE BLACK-FLUO GREEN 3XL MEN 068 E-BEST SOFTSH"
"B5141";"068";"WZ5909H/GN";"ROYAUTE BLACK-FLUO GREEN 2XL MEN 068 E-BEST SOFTSH"
"B5141";"068";"WZ5908H/GN";"ROYAUTE BLACK-FLUO GREEN XL MEN 068 E-BEST SOFTSHE"
"B5141";"068";"WZ5907H/GN";"ROYAUTE BLACK-FLUO GREEN L MEN 068 E-BEST SOFTSHEL"
"B5141";"068";"WZ5907H/GN";"ROYAUTE BLACK-FLUO GREEN L MEN 068 E-BEST SOFTSHEL"
"B5141";"068";"WZ5906H/GN";"ROYAUTE BLACK-FLUO GREEN M MEN 068 E-BEST SOFTSHEL"
"B5141";"068";"WZ5905H/GN";"ROYAUTE BLACK-FLUO GREEN S MEN 068 E-BEST SOFTSHEL"
"B5141";"068";"WY3909H/GN";"CALIX DB BLACK MEN 068  BLOUSON HOMME"
"B5141";"068";"WZ5916H/GN";"ROYAUTE DGREY-FLUO ORANGE 3XL MEN 068 E-BEST SOFTS"
"B5141";"068";"WZ5915H/GN";"ROYAUTE DGREY-FLUO ORANGE 2XL MEN 068 E-BEST SOFTS"
"B5141";"068";"WZ5914H/GN";"ROYAUTE DGREY-FLUO ORANGE XL MEN 068 E-BEST SOFTSH"
"B5141";"068";"WY3086H/GN";"BUGS BLACK MEN 068 HH BLOUSON HOMME"
"B5141";"068";"WY3086H/GN";"BUGS BLACK MEN 068 HH BLOUSON HOMME"
"B5141";"068";"WZ7761H/GN";"ROYAUTE NAVY-ORANGE MEN 068 RK SOFTSHELL HOMME"
"B5022";"099";"WZ4902H/GN";"TENNIS KAKI / ORANGE DB MEN 099  SOFTSHELL HOMME"
"B5022";"099";"WZ4901H/GN";"TENNIS NAVY / ORANGE DB MEN 099  SOFTSHELL HOMME"
"B5022";"099";"WZ4900H/GN";"TENNIS BLACK / ORANGE DB MEN 099  SOFTSHELL HOMME"
"B5022";"099";"WZ4899F/GN";"TYPHLOSION NAVY DB LADY 099  SOFTSHELL FEMME"
"B5022";"099";"WZ4898F/GN";"TYPHLOSION BLACK DB LADY 099  SOFTSHELL FEMME"
"B5141";"068";"WY3126H/GN";"CLAUDE NAVY MEN 068 HH PARKA HOMME"
"B5141";"068";"WY3124H/GN";"CLAUDE BLACK MEN 068 HH PARKA HOMME"
"B5141";"068";"WY3139H/GN";"AURELIEN BLACK GTX MEN 068 HH BLOUSON HOMME"
"B5141";"068";"WY3140H/GN";"AURELIEN NAVY GTX MEN 068 HH BLOUSON HOMME"
"B5141";"068";"WY3137H/GN";"AURELIEN BLACK MEN 068 HH BLOUSON HOMME"
"B5141";"068";"WY3138H/GN";"AURELIEN NAVY MEN 068 HH BLOUSON HOMME"
"B5141";"068";"WY3138H/GN";"AURELIEN NAVY MEN 068 HH BLOUSON HOMME"
"B5022";"099";"WZ4892F/GN";"TOSCANA BLENDED GREY DB LADY 099  POLAIRE FEMME"
"B5022";"099";"WZ4891F/GN";"TOSCANA ALMOND GREEN DB LADY 099  POLAIRE FEMME"
"B5022";"099";"WZ4890F/GN";"TOSCANA BEIGE DB LADY 099  POLAIRE FEMME"
"B5022";"099";"WZ4889F/GN";"TOSCANA NAVY DB LADY 099  POLAIRE FEMME"
"B5022";"099";"WZ4888F/GN";"TOSCANA BLACK DB LADY 099  POLAIRE FEMME"
"B5022";"099";"WZ5558F/GN";"TORSADE TAUPE DB LADY 099 POLAIRE FEMME"
"B5022";"099";"WZ5557F/GN";"TORSADE BURGUNDY DB LADY 099 POLAIRE FEMME"
"B5022";"099";"WZ5556F/GN";"TORSADE CREAM DB LADY 099 POLAIRE FEMME"
"B5022";"099";"WZ5555F/GN";"TORSADE LILAS DB LADY 099 POLAIRE FEMME"
"B5022";"099";"WZ5554F/GN";"TORSADE NAVY DB LADY 099 POLAIRE FEMME"
"B5022";"099";"WZ5553F/GN";"TORSADE BLACK DB LADY 099 POLAIRE FEMME"
"B5022";"099";"WZ4896F/GN";"TYPOLOGIE ALMOND GREEN DB LADY 099  POLAIRE FEMME"
"B5022";"099";"WZ4895F/GN";"TYPOLOGIE BEIGE DB LADY 099  POLAIRE FEMME"
"B5022";"099";"WZ4894F/GN";"TYPOLOGIE NAVY DB LADY 099  POLAIRE FEMME"
"B5022";"099";"WZ5553F/GN";"TORSADE BLACK DB LADY 099 POLAIRE FEMME"
"B5022";"099";"WZ5554F/GN";"TORSADE NAVY DB LADY 099 POLAIRE FEMME"
"B5022";"099";"WZ4888F/GN";"TOSCANA BLACK DB LADY 099  POLAIRE FEMME"
"B5022";"099";"WZ4889F/GN";"TOSCANA NAVY DB LADY 099  POLAIRE FEMME"
"B5022";"099";"WZ4890F/GN";"TOSCANA BEIGE DB LADY 099  POLAIRE FEMME"
"B5022";"099";"WZ4890F/GN";"TOSCANA BEIGE DB LADY 099  POLAIRE FEMME"
"B5022";"099";"WZ4890F/GN";"TOSCANA BEIGE DB LADY 099  POLAIRE FEMME"
"B5022";"099";"WZ4891F/GN";"TOSCANA ALMOND GREEN DB LADY 099  POLAIRE FEMME"
"B5022";"099";"WZ4894F/GN";"TYPOLOGIE NAVY DB LADY 099  POLAIRE FEMME"
"B5022";"099";"WZ4896F/GN";"TYPOLOGIE ALMOND GREEN DB LADY 099  POLAIRE FEMME"
"B5022";"099";"WZ4897F/GN";"TYPOLOGIE BLENDED GREY DB LADY 099  POLAIRE FEMME"
"B5022";"099";"WZ4901H/GN";"TENNIS NAVY / ORANGE DB MEN 099  SOFTSHELL HOMME"
"B5022";"099";"WZ4902H/GN";"TENNIS KAKI / ORANGE DB MEN 099  SOFTSHELL HOMME"
"B5152";"233";"WZ5124F/GN";"ATIKAMAP HOOD PARME DB LADY 233  BLOUSON FEMME"
"B5152";"233";"WZ5123F/GN";"ATIKAMAP HOOD OLD PINK DB LADY 233  BLOUSON FEMME"
"B5152";"233";"WZ5122F/GN";"ATIKAMAP HOOD NAVY DB LADY 233  BLOUSON FEMME"
"B5152";"233";"WZ5121F/GN";"ATIKAMAP HOOD LGREY DB LADY 233  BLOUSON FEMME"
"B5152";"233";"WZ5120F/GN";"ATIKAMAP HOOD DGREY DB LADY 233  BLOUSON FEMME"
"B5152";"233";"WZ5119F/GN";"ATIKAMAP HOOD BLACK DB LADY 233  BLOUSON FEMME"
"B5152";"233";"WZ5668F/GN";"ATIKAMAP HOOD ICE BLUE DB LADY 233  BLOUSON FEMME"
"B5152";"233";"WZ5667F/GN";"ATIKAMAP HOOD DBROWN DB LADY 233  BLOUSON FEMME"
"B5149";"233";"WZ5131F/GN";"ATIKAMAP BASIC PARME DB LADY 233  BLOUSON FEMME"
"B5149";"233";"WZ5130F/GN";"ATIKAMAP BASIC OLD PINK DB LADY 233  BLOUSON FEMME"
"B5149";"233";"WZ5129F/GN";"ATIKAMAP BASIC NAVY DB LADY 233  BLOUSON FEMME"
"B5149";"233";"WZ5128F/GN";"ATIKAMAP BASIC LGREY DB LADY 233  BLOUSON FEMME"
"B5149";"233";"WZ5127F/GN";"ATIKAMAP BASIC DGREY DB LADY 233  BLOUSON FEMME"
"B5149";"233";"WZ5126F/GN";"ATIKAMAP BASIC BLACK DB LADY 233  BLOUSON FEMME"
"B5149";"233";"WZ5125F/GN";"ATIKAMAP BASIC BEIGE DB LADY 233  BLOUSON FEMME"
"B5149";"233";"WZ5855F/GN";"ATIKAMAP BASIC ICE BLUE DB LADY 233  BLOUSON FEMME"
"B5149";"233";"WZ5854F/GN";"ATIKAMAP BASIC DBROWN DB LADY 233  BLOUSON FEMME"
"B5024";"233";"WZ4488H/GN";"TUGOOD SKY BLUE DB MEN 233  POLAIRE HOMME"
"B5024";"233";"WZ4755H/AN";"URANIUM WHITE MEN 233 MCK POLAIRE HOMME"
"B5024";"233";"WZ4754H/AN";"URANIUM RUSTY MEN 233 MCK POLAIRE HOMME"
"B5024";"233";"WZ4753H/AN";"URANIUM ROYAL BLUE MEN 233 MCK POLAIRE HOMME"
"B5024";"233";"WU1049H/AN";"URANIUM MEN RED ANA MCK 233 POLAIRE HOMME"
"B5024";"233";"WZ4752H/AN";"URANIUM PETROL MEN 233 MCK POLAIRE HOMME"
"B5024";"233";"WZ4750H/AN";"URANIUM LIGHT GREY MEN 233 MCK POLAIRE HOMME"
"B5024";"233";"WW2176H/AN";"URANIUM KAKI MEN 233 ANA MCK POLAIRE HOMME"
"B5024";"233";"WZ4711F/AN";"VUGANA BLACK LADY 233 POLAIRE FEMME"
"B5024";"233";"WZ4709F/AN";"TUGOODANA WHITE LADY 233  POLAIRE FEMME"
"B5024";"233";"WZ4708F/AN";"TUGOODANA TAUPE LADY 233  POLAIRE FEMME"
"B5024";"233";"WZ4707F/AN";"TUGOODANA SKY BLUE LADY 233 POLAIRE FEMME"
"B5024";"233";"WZ4706F/AN";"TUGOODANA RUSTY LADY 233 POLAIRE FEMME"
"B5024";"233";"WZ4705F/AN";"TUGOODANA RED LADY 233  POLAIRE FEMME"
"B5024";"233";"WZ4704F/AN";"TUGOODANA POWDER PINK LADY 233 POLAIRE FEMME"
"B5024";"233";"WZ4703F/AN";"TUGOODANA PETROL LADY 233 POLAIRE FEMME"
"B5024";"233";"WZ4702F/AN";"TUGOODANA PARME LADY 233 POLAIRE FEMME"
"B5024";"233";"WZ4701F/AN";"TUGOODANA ORANGE LADY 233  POLAIRE FEMME"
"B5024";"233";"WZ4700F/AN";"TUGOODANA NAVY LADY 233 POLAIRE FEMME"
"B5024";"233";"WZ4699F/AN";"TUGOODANA MUSTARD LADY 233  POLAIRE FEMME"
"B5024";"233";"WZ4697F/AN";"TUGOODANA LIGHT GREY LADY 233 POLAIRE FEMME"
"B5024";"233";"WZ4695F/AN";"TUGOODANA AVOCADO GREEN LADY 233  POLAIRE FEMME"
"B5024";"233";"WZ4694F/AN";"TUGOODANA OFF WHITE LADY 233  POLAIRE FEMME"
"B5024";"233";"WZ4692F/AN";"TUGOODANA DARK GREY LADY 233  POLAIRE FEMME"
"B5024";"233";"WZ4690F/AN";"TUGOODANA CORAIL LADY 233  POLAIRE FEMME"
"B5024";"233";"WZ4689F/AN";"TUGOODANA BURGUNDY LADY 233  POLAIRE FEMME"
"B5024";"233";"WZ4687F/AN";"TUGOODANA BROWN LADY 233  POLAIRE FEMME"
"B5024";"233";"WZ4686F/AN";"TUGOODANA BLACK LADY 233 POLAIRE FEMME"
"B5024";"233";"WZ4684F/AN";"TUGOODANA BEIGE LADY 233  POLAIRE FEMME"
"B5024";"233";"WZ4683F/AN";"TUGOODANA ALMOND GREEN LADY 233  POLAIRE FEMME"
"B5024";"233";"WZ4682F/AN";"TUGOODANA CAMEL LADY 233  POLAIRE FEMME"
"B5024";"233";"WZ4677H/AN";"TUGOODANA SAUGE MEN 233  POLAIRE HOMME"
"B5024";"233";"WZ4675H/AN";"TUGOODANA WHITE MEN 233  POLAIRE HOMME"
"B5024";"233";"WZ4674H/AN";"TUGOODANA TAUPE MEN 233  POLAIRE HOMME"
"B5024";"233";"WZ4673H/AN";"TUGOODANA SKY BLUE MEN 233  POLAIRE HOMME"
"B5024";"233";"WZ4671H/AN";"TUGOODANA RUSTY MEN 233 POLAIRE HOMME"
"B5024";"233";"WZ4670H/AN";"TUGOODANA RED MEN 233  POLAIRE HOMME"
"B5024";"233";"WZ4667H/AN";"TUGOODANA PETROL MEN 233 POLAIRE HOMME"
"B5024";"233";"WZ4665H/AN";"TUGOODANA PARME MEN 233  POLAIRE HOMME"
"B5024";"233";"WZ4663H/AN";"TUGOODANA NAVY MEN 233 POLAIRE HOMME"
"B5024";"233";"WZ4662H/AN";"TUGOODANA AVOCADO GREEN MEN 233  POLAIRE HOMME"
"B5024";"233";"WZ4661H/AN";"TUGOODANA LIGHT GREY MEN 233  POLAIRE HOMME"
"B5024";"233";"WZ4660H/AN";"TUGOODANA OFF WHITE MEN 233  POLAIRE HOMME"
"B5024";"233";"WZ4659H/AN";"TUGOODANA DARK GREEN MEN 233 POLAIRE HOMME"
"B5024";"233";"WZ4658H/AN";"TUGOODANA BURGUNDY MEN 233  POLAIRE HOMME"
"B5024";"233";"WZ4657H/AN";"TUGOODANA BLACK MEN 233 POLAIRE HOMME"
"B5024";"233";"WZ4656H/AN";"TUGOODANA BEIGE MEN 233  POLAIRE HOMME"
"B5024";"233";"WZ4655H/AN";"TUGOODANA ALMOND GREEN MEN 233  POLAIRE HOMME"
"B5024";"233";"WZ4654H/AN";"TUGOODANA BROWN MEN 233 POLAIRE HOMME"
"B5024";"233";"WZ4652H/AN";"TUGOODANA ROYAL BLUE MEN 233  POLAIRE HOMME"
"B5024";"233";"WZ4651H/AN";"TUGOODANA MUSTARD MEN 233  POLAIRE HOMME"
"B5024";"233";"WZ4650H/AN";"TUGOODANA KAKI MEN 233 POLAIRE HOMME"
"B5024";"233";"WZ4649H/AN";"TUGOODANA DARK GREY MEN 233 POLAIRE HOMME"
"B5024";"233";"WZ4648H/AN";"TUGOODANA CAMEL MEN 233  POLAIRE HOMME"
"B5024";"233";"WZ4625H/AN";"TONNEAU FZ ALMOND GREEN MEN 233 MCK POLAIRE HOMME"
"B5024";"233";"WZ4623F/AN";"TONNEAU FZ WHITE LADY 233 MCK POLAIRE FEMME"
"B5024";"233";"WZ4622F/AN";"TONNEAU FZ TAUPE LADY 233 MCK POLAIRE FEMME"
"B5024";"233";"WZ4620F/AN";"TONNEAU FZ RUSTY LADY 233 MCK POLAIRE FEMME"
"B5024";"233";"WZ4618F/AN";"TONNEAU FZ RED LADY 233 MCK POLAIRE FEMME"
"B5024";"233";"WZ4617F/AN";"TONNEAU FZ POWDER PINK LADY 233 MCK POLAIRE FEMME"
"B5024";"233";"WZ4616F/AN";"TONNEAU FZ PETROL LADY 233 MCK POLAIRE FEMME"
"B5024";"233";"WZ4615F/AN";"TONNEAU FZ PARME LADY 233 MCK POLAIRE FEMME"
"B5024";"233";"WZ4613F/AN";"TONNEAU FZ NAVY LADY 233 MCK POLAIRE FEMME"
"B5024";"233";"WZ4612F/AN";"TONNEAU FZ MUSTARD LADY 233 MCK POLAIRE FEMME"
"B5024";"233";"WZ4611F/AN";"TONNEAU FZ AVOCADO GREEN LADY 233 MCK POLAIRE FEMM"
"B5024";"233";"WZ4610F/AN";"TONNEAU FZ LIGHT GREY LADY 233 MCK POLAIRE FEMME"
"B5024";"233";"WZ4609F/AN";"TONNEAU FZ KAKI LADY 233 MCK POLAIRE FEMME"
"B5024";"233";"WZ4608F/AN";"TONNEAU FZ OFF WHITE LADY 233 MCK POLAIRE FEMME"
"B5024";"233";"WZ4607F/AN";"TONNEAU FZ DARK GREY LADY 233 MCK POLAIRE FEMME"
"B5024";"233";"WZ4606F/AN";"TONNEAU FZ DARK GREEN LADY 233 MCK POLAIRE FEMME"
"B5024";"233";"WZ4605F/AN";"TONNEAU FZ CORAIL LADY 233 MCK POLAIRE FEMME"
"B5024";"233";"WZ4604F/AN";"TONNEAU FZ CAMEL LADY 233 MCK POLAIRE FEMME"
"B5024";"233";"WZ4603F/AN";"TONNEAU FZ BURGUNDY LADY 233 MCK POLAIRE FEMME"
"B5024";"233";"WZ4602F/AN";"TONNEAU FZ BROWN LADY 233 MCK POLAIRE FEMME"
"B5141";"068";"WZ3353H/GN";"CALIX DGREY DB MEN 068  BLOUSON HOMME"
"B5141";"068";"WZ5913H/GN";"ROYAUTE DGREY-FLUO ORANGE L MEN 068 E-BEST SOFTSHE"
"B5141";"068";"WY3087H/GN";"BUGS NAVY MEN 068 HH BLOUSON HOMME"
"B5152";"233";"WZ5666F/GN";"ATIKAMAP HOOD DGREEN DB LADY 233  BLOUSON FEMME"
"B5152";"233";"WZ5118F/GN";"ATIKAMAP HOOD BEIGE DB LADY 233  BLOUSON FEMME"
"B5149";"233";"WZ5853F/GN";"ATIKAMAP BASIC DGREEN DB LADY 233  BLOUSON FEMME"
"B5022";"099";"WZ4893F/GN";"TYPOLOGIE BLACK DB LADY 099  POLAIRE FEMME"
"B5022";"099";"WZ4891F/GN";"TOSCANA ALMOND GREEN DB LADY 099  POLAIRE FEMME"
"B5022";"099";"WZ4897F/GN";"TYPOLOGIE BLENDED GREY DB LADY 099  POLAIRE FEMME"
"B6550";"096";"GE00158";"VIKASH MEN 096 B45 GILET HOMME"
"B5024";"233";"WZ4747H/AN";"URANIUM BROWN MEN 233 MCK POLAIRE HOMME"
"B5024";"233";"WZ4601F/AN";"TONNEAU FZ BLACK LADY 233 MCK POLAIRE FEMME"
"B5024";"233";"WZ4600F/AN";"TONNEAU FZ BEIGE LADY 233 MCK POLAIRE FEMME"
"B5024";"233";"WZ4599F/AN";"TONNEAU FZ ALMOND GREEN LADY 233 MCK POLAIRE FEMME"
"B5024";"233";"WZ3326H/GN";"TUG HZ NAVY DB MEN 233 POLAIRE HOMME"
"B5024";"233";"WZ3325H/GN";"TUG HZ BLACK DB MEN 233 POLAIRE HOMME"
"B5024";"233";"WZ4614F/AN";"TONNEAU FZ ORANGE LADY 233 MCK POLAIRE FEMME"
"B5024";"233";"WZ4619F/AN";"TONNEAU FZ ROYAL BLUE LADY 233 MCK POLAIRE FEMME"
"B5024";"233";"WZ4621F/AN";"TONNEAU FZ SKY BLUE LADY 233 MCK POLAIRE FEMME"
"B5024";"233";"WZ4624F/AN";"TONNEAU FZ LIGHT YELLOW LADY 233 MCK POLAIRE FEMME"
"B5024";"233";"WZ3317H/GN";"TUG FZ DARK GREY DB MEN 233 POLAIRE HOMME"
"B5024";"233";"WZ4745H/AN";"URANIUM TAUPE MEN 233 MCK POLAIRE HOMME"
"B5024";"233";"WZ4743H/AN";"URANIUM DARK GREEN MEN 233 MCK POLAIRE HOMME"
"B5024";"233";"WZ4742H/AN";"URANIUM BURGUNDY MEN 233 MCK POLAIRE HOMME"
"B5024";"233";"WZ4728H/AN";"VUGANA PETROL MEN 233 POLAIRE HOMME"
"B5024";"233";"WZ4727H/AN";"VUGANA RUSTY MEN 233 POLAIRE HOMME"
"B5024";"233";"WZ4726H/AN";"VUGANA NAVY MEN 233 POLAIRE HOMME"
"B5024";"233";"WZ4724H/AN";"VUGANA KAKI MEN 233 POLAIRE HOMME"
"B5024";"233";"WZ4723H/AN";"VUGANA DARK GREY MEN 233 POLAIRE HOMME"
"B5024";"233";"WZ4721H/AN";"VUGANA DARK GREEN MEN 233 POLAIRE HOMME"
"B5024";"233";"WZ4468H/GN";"TUGOOD MUSTARD DB MEN 233  POLAIRE HOMME"
"B5024";"233";"WZ4720H/AN";"VUGANA BROWN MEN 233 POLAIRE HOMME"
"B5024";"233";"WZ4719H/AN";"VUGANA BLACK MEN 233 POLAIRE HOMME"
"B5024";"233";"WZ4718F/AN";"VUGANA RUSTY LADY 233 POLAIRE FEMME"
"B5024";"233";"WZ4717F/AN";"VUGANA POWDER PINK LADY 233 POLAIRE FEMME"
"B5024";"233";"WZ4716F/AN";"VUGANA NAVY LADY 233 POLAIRE FEMME"
"B5024";"233";"WZ4715F/AN";"VUGANA SKY BLUE LADY 233 POLAIRE FEMME"
"B5024";"233";"WZ4714F/AN";"VUGANA PARME LADY 233 POLAIRE FEMME"
"B5024";"233";"WZ4713F/AN";"VUGANA LIGHT GREY LADY 233 POLAIRE FEMME"
"B5024";"233";"WZ4712F/AN";"VUGANA DARK GREEN LADY 233 POLAIRE FEMME"
"B5024";"233";"WZ4710F/AN";"TUGOODANA LIGHT YELLOW LADY 233  POLAIRE FEMME"
"B5024";"233";"WZ4691F/AN";"TUGOODANA DARK GREEN LADY 233 POLAIRE FEMME"
"B5024";"233";"WZ4664H/AN";"TUGOODANA ORANGE MEN 233  POLAIRE HOMME"
"B5024";"233";"WZ4627H/AN";"TONNEAU FZ SKY BLUE MEN 233 MCK POLAIRE HOMME"
"B5024";"233";"WZ4626H/AN";"TONNEAU FZ CAMEL MEN 233 MCK POLAIRE HOMME"

